{"backend=jax": {"dataset=jax": [6.00615930557251, 0.7483389377593994, 0.743844747543335, 0.7461087703704834, 0.7428982257843018, 0.7401800155639648, 0.7440762519836426, 0.7452375888824463, 0.7448098659515381, 0.7438862323760986], "dataset=torch": [], "dataset=tf": [], "dataset=hf": [5.5362865924835205, 4.725424528121948, 4.779559373855591, 4.82304835319519, 4.8099517822265625, 4.83212685585022, 4.809313774108887, 4.818130016326904, 4.873654127120972, 4.943045377731323]}, "backend=pytorch": {"dataset=jax": [1.839327096939087, 0.966571569442749, 0.9141397476196289, 0.9267113208770752, 0.9212968349456787, 0.9556140899658203, 0.912912130355835, 0.9298040866851807, 1.024169921875, 0.9741010665893555], "dataset=torch": [3.6769654750823975, 2.9240589141845703, 2.9682703018188477, 2.9608328342437744, 2.9808106422424316, 2.9670567512512207, 3.0383379459381104, 3.0271716117858887, 2.952286720275879, 2.946077823638916], "dataset=tf": [], "dataset=hf": [6.0433268547058105, 5.160061359405518, 5.155879259109497, 5.418692350387573, 6.080808639526367, 5.252376079559326, 5.186870098114014, 5.237852096557617, 5.198176622390747, 5.24579381942749]}, "backend=tensorflow": {"dataset=jax": [1.793637752532959, 0.9664194583892822, 0.8171765804290771, 0.8145453929901123, 0.8179428577423096, 0.8119533061981201, 0.8084969520568848, 0.8056025505065918, 0.8245463371276855, 0.8152358531951904], "dataset=torch": [], "dataset=tf": [3.459198474884033, 1.1708533763885498, 1.228088617324829, 1.1557502746582031, 1.124732494354248, 1.1766808032989502, 1.119699239730835, 1.1329691410064697, 1.1301155090332031, 1.1265795230865479], "dataset=hf": [34.50724649429321, 34.40732932090759, 34.51625299453735, 33.26384210586548, 32.72089385986328, 32.59306216239929, 32.585314989089966, 32.482611656188965, 32.63717746734619, 32.016772747039795]}}